book.delta.v1.0.2.10.1,book.delta.v1.0.2.10.5,book.delta.v1.0.2.2.1,book.delta.v2.0.2.10.5,book.imbalance.0.2.10.1,book.imbalance.0.2.5.1,trade.indicator.v1.0.2.5.1.power,trade.indicator.v1.0.2.5.1.sqrt,trade.indicator.v1.0.2.5.5.power,trade.indicator.v1.0.2.5.5.sqrt
0.000002071887807,0.000008190734544,0.000003942752543,0.000010121769862,0.000000013298281,0.000000004797201,0.000085822192682,0.000037684535676,0.000035015238364,0.000054447492924
